csv_image_url,csv_node_title,csv_image_alt,csv_image_title,csv_node_tag,csv_node_body
paragraphs-bundles-import.jpg,The only way to do great work is to love what you do - Steve Jobs,Alt text for Hardwork 1,Title for Hardwork 1,Steve Jobs | Inspiration,"<p>Steve Jobs once said, 'The only way to do great work is to love what you do.' This quote highlights the importance of passion in our professional lives. When we are passionate about our work, it doesn't feel like work at all. We are more likely to excel and achieve greatness. Jobs' words remind us to seek out careers and tasks that ignite our enthusiasm, as this is the key to not only professional success but also personal fulfillment.</p>"
paragraphs-bundles-import.jpg,Success is no accident - Pele,Alt text for Hardwork 2,Title for Hardwork 2,Pele | Sports,"<p>Pele, the legendary footballer, said, 'Success is no accident. It is hard work, perseverance, learning, studying, sacrifice and most of all, love of what you are doing or learning to do.' This quote emphasizes that success is a result of sustained effort and dedication. It isn't a matter of luck or chance, but a consequence of continuous hard work and persistence. Pele's journey from a humble background to global fame serves as a testament to the power of diligence and passion.</p>"
paragraphs-bundles-import.jpg,There are no secrets to success - Colin Powell,Alt text for Hardwork 3,Title for Hardwork 3,Colin Powell | Leadership,"<p>Colin Powell, a prominent American statesman, once remarked, 'There are no secrets to success. It is the result of preparation, hard work, and learning from failure.' Powell's quote underscores that success is a transparent process involving meticulous preparation, relentless effort, and the ability to learn from one's mistakes. His career in military and public service exemplifies the impact of these principles, illustrating that enduring success is built on a foundation of consistent hard work and learning.</p>"
paragraphs-bundles-import.jpg,"Opportunities don't happen, you create them - Chris Grosser",Alt text for Hardwork 4,Title for Hardwork 4,Chris Grosser | Entrepreneurship,"<p>Chris Grosser's quote, 'Opportunities don't happen, you create them,' inspires us to take initiative and be proactive. Rather than waiting for opportunities to come our way, we should actively seek and create them through hard work and determination. This mindset fosters innovation and resilience, essential qualities for success in any field. Grosser's words encourage us to take control of our destinies and carve out paths that lead to our desired outcomes.</p>"
paragraphs-bundles-import.jpg,Hard work beats talent when talent doesn’t work hard - Tim Notke,Alt text for Hardwork 5,Title for Hardwork 5,Tim Notke | Motivation,"<p>Tim Notke, a high school basketball coach, once said, 'Hard work beats talent when talent doesn’t work hard.' This quote serves as a powerful reminder that no matter how talented one might be, it is the effort and dedication that ultimately determine success. Talent alone is not enough; it must be coupled with hard work to achieve greatness. Notke's insight is particularly relevant in competitive environments where consistent effort can outperform innate talent.</p>"
paragraphs-bundles-import.jpg,"The harder I work, the luckier I get - Samuel Goldwyn",Alt text for Hardwork 6,Title for Hardwork 6,Samuel Goldwyn | Film Industry,"<p>Samuel Goldwyn, a pioneer in the film industry, famously stated, 'The harder I work, the luckier I get.' This quote suggests that what we often perceive as luck is actually the result of hard work and perseverance. Goldwyn's success story in Hollywood exemplifies how sustained effort can open up opportunities that might seem like luck to outsiders. His words encourage us to focus on working hard, as this increases the chances of achieving favorable outcomes.</p>"
paragraphs-bundles-import.jpg,Don’t watch the clock; do what it does. Keep going - Sam Levenson,Alt text for Hardwork 7,Title for Hardwork 7,Sam Levenson | Time Management,"<p>Sam Levenson, a humorist and writer, advised, 'Don’t watch the clock; do what it does. Keep going.' This quote motivates us to maintain a steady pace and persist in our efforts without being overly concerned about time. Levenson's analogy to a clock encourages us to focus on consistent progress, reinforcing the idea that perseverance and continuity are crucial for long-term success. His words remind us to keep moving forward, regardless of the obstacles.</p>"
paragraphs-bundles-import.jpg,"I’m a great believer in luck, and I find the harder I work, the more I have of it - Thomas Jefferson",Alt text for Hardwork 8,Title for Hardwork 8,Thomas Jefferson | Historical Figures,"<p>Thomas Jefferson, one of the Founding Fathers of the United States, once said, 'I’m a great believer in luck, and I find the harder I work, the more I have of it.' This quote reflects the idea that luck is often a byproduct of hard work. Jefferson's numerous achievements, from drafting the Declaration of Independence to his presidency, underscore the connection between diligent effort and success. His insight encourages us to focus on hard work as a means to create our own luck.</p>"
paragraphs-bundles-import.jpg,Hard work never brings fatigue. It brings satisfaction - Narendra Modi,Alt text for Hardwork 9,Title for Hardwork 9,Narendra Modi | Politics,"<p>Indian Prime Minister Narendra Modi said, 'Hard work never brings fatigue. It brings satisfaction.' This quote highlights the fulfilling nature of hard work. Rather than being a burden, hard work leads to a sense of accomplishment and satisfaction. Modi's rise to one of the highest offices in the world through persistent effort exemplifies the rewarding nature of hard work. His words inspire us to embrace hard work as a source of joy and fulfillment.</p>"
paragraphs-bundles-import.jpg,The difference between try and triumph is just a little umph - Marvin Phillips,Alt text for Hardwork 10,Title for Hardwork 10,Marvin Phillips | Encouragement,"<p>Marvin Phillips, an American singer, and songwriter, stated, 'The difference between try and triumph is just a little umph.' This playful yet profound quote emphasizes that a small extra effort can make a significant difference. Phillips' career in the competitive music industry illustrates how perseverance and a bit of additional effort can lead to success. His words encourage us to push a little harder to achieve our goals and transform attempts into triumphs.</p>"
paragraphs-bundles-import.jpg,"Quality is not an act, it is a habit - Aristotle",Alt text for Hardwork 11,Title for Hardwork 11,Aristotle | Philosophy,"<p>Aristotle, the ancient Greek philosopher, said, 'Quality is not an act, it is a habit.' This quote suggests that excellence comes from consistent practice and dedication. Aristotle's contributions to various fields of knowledge were the result of his habitual pursuit of quality. His insight reminds us that achieving high standards requires regular and persistent effort, making quality an integral part of our everyday actions.</p>"
paragraphs-bundles-import.jpg,"Strive not to be a success, but rather to be of value - Albert Einstein",Alt text for Hardwork 12,Title for Hardwork 12,Albert Einstein | Science,"<p>Albert Einstein, one of the greatest scientists of all time, advised, 'Strive not to be a success, but rather to be of value.' This quote encourages us to focus on contributing positively and adding value through our efforts. Einstein's groundbreaking work in physics was driven by a desire to understand and improve the world, rather than seeking success for its own sake. His words inspire us to pursue meaningful work that benefits others and ourselves.</p>"
paragraphs-bundles-import.jpg,The future depends on what you do today - Mahatma Gandhi,Alt text for Hardwork 13,Title for Hardwork 13,Mahatma Gandhi | Change,"<p>Mahatma Gandhi, a leader of the Indian independence movement, said, 'The future depends on what you do today.' This quote emphasizes the importance of present actions in shaping the future. Gandhi's life and work exemplify how dedicated efforts in the present can lead to significant changes and improvements in the future. His words motivate us to focus on our current actions and efforts, knowing that they lay the foundation for our future success.</p>"
paragraphs-bundles-import.jpg,The best way to predict the future is to create it - Peter Drucker,Alt text for Hardwork 14,Title for Hardwork 14,Peter Drucker | Business,"<p>Peter Drucker, a renowned management consultant, stated, 'The best way to predict the future is to create it.' This quote inspires proactive action and innovation. Drucker's contributions to business management demonstrate how taking control and initiating change can shape the future. His words encourage us to be architects of our destinies by working hard and taking deliberate actions to create the future we envision.</p>"
paragraphs-bundles-import.jpg,Don’t be afraid to give up the good to go for the great - John D. Rockefeller,Alt text for Hardwork 15,Title for Hardwork 15,John D. Rockefeller | Ambition,"<p>John D. Rockefeller, one of the wealthiest individuals in history, said, 'Don’t be afraid to give up the good to go for the great.' This quote encourages us to aim for greatness rather than settling for mediocrity. Rockefeller's success in building a business empire was driven by his willingness to take risks and strive for excellence. His words inspire us to pursue our highest potential, even if it means leaving behind comfort and security.</p>"
paragraphs-bundles-import.jpg,The way to get started is to quit talking and begin doing - Walt Disney,Alt text for Hardwork 16,Title for Hardwork 16,Walt Disney | Creativity,"<p>Walt Disney, a pioneer of the American animation industry, advised, 'The way to get started is to quit talking and begin doing.' This quote underscores the importance of action in achieving goals. Disney's remarkable achievements in entertainment were the result of his proactive approach and relentless effort. His words remind us that ideas and plans must be put into action to realize their potential, encouraging us to take the first step towards our dreams.</p>"
paragraphs-bundles-import.jpg,"I find that the harder I work, the more luck I seem to have - Thomas Jefferson",Alt text for Hardwork 17,Title for Hardwork 17,Thomas Jefferson | Historical Figures,"<p>Thomas Jefferson, one of the Founding Fathers of the United States, once said, 'I find that the harder I work, the more luck I seem to have.' This quote reflects the idea that luck is often a byproduct of hard work. Jefferson's numerous achievements, from drafting the Declaration of Independence to his presidency, underscore the connection between diligent effort and success. His insight encourages us to focus on hard work as a means to create our own luck.</p>"
paragraphs-bundles-import.jpg,The only place where success comes before work is in the dictionary - Vidal Sassoon,Alt text for Hardwork 18,Title for Hardwork 18,Vidal Sassoon | Success,"<p>Vidal Sassoon, a famous hairstylist and businessman, remarked, 'The only place where success comes before work is in the dictionary.' This witty quote emphasizes that hard work is a prerequisite for success. Sassoon's rise to fame in the fashion industry was built on relentless effort and innovation. His words remind us that there are no shortcuts to success and that diligent work is essential to achieving our goals.</p>"
paragraphs-bundles-import.jpg,Success usually comes to those who are too busy to be looking for it - Henry David Thoreau,Alt text for Hardwork 19,Title for Hardwork 19,Henry David Thoreau | Focus,"<p>Henry David Thoreau, an American naturalist and philosopher, said, 'Success usually comes to those who are too busy to be looking for it.' This quote suggests that focusing on our work and being engrossed in our tasks can lead to success. Thoreau's contributions to literature and philosophy were the result of his deep commitment to his work. His words encourage us to immerse ourselves in our efforts, as success often follows dedication and focus.</p>"
paragraphs-bundles-import.jpg,The only limit to our realization of tomorrow is our doubts of today - Franklin D. Roosevelt,Alt text for Hardwork 20,Title for Hardwork 20,Franklin D. Roosevelt | Inspiration,"<p>Franklin D. Roosevelt, the 32nd President of the United States, said, 'The only limit to our realization of tomorrow is our doubts of today.' This quote encourages us to overcome our doubts and fears to achieve our future goals. Roosevelt's leadership during challenging times exemplifies the power of confidence and determination. His words inspire us to believe in our abilities and work hard to realize our dreams, free from the constraints of doubt.</p>"
paragraphs-bundles-import.jpg,"I’m a greater believer in luck, and I find the harder I work, the more I have of it - Thomas Jefferson",Alt text for Hardwork 21,Title for Hardwork 21,Thomas Jefferson | Historical Figures,"<p>Thomas Jefferson, one of the Founding Fathers of the United States, once said, 'I’m a greater believer in luck, and I find the harder I work, the more I have of it.' This quote reflects the idea that luck is often a byproduct of hard work. Jefferson's numerous achievements, from drafting the Declaration of Independence to his presidency, underscore the connection between diligent effort and success. His insight encourages us to focus on hard work as a means to create our own luck.</p>"
paragraphs-bundles-import.jpg,The way to get started is to quit talking and begin doing - Walt Disney,Alt text for Hardwork 22,Title for Hardwork 22,Walt Disney | Creativity,"<p>Walt Disney, a pioneer of the American animation industry, advised, 'The way to get started is to quit talking and begin doing.' This quote underscores the importance of action in achieving goals. Disney's remarkable achievements in entertainment were the result of his proactive approach and relentless effort. His words remind us that ideas and plans must be put into action to realize their potential, encouraging us to take the first step towards our dreams.</p>"
paragraphs-bundles-import.jpg,"Success is not final, failure is not fatal: It is the courage to continue that counts - Winston Churchill",Alt text for Hardwork 23,Title for Hardwork 23,Winston Churchill | Resilience,"<p>Winston Churchill, the British Prime Minister, stated, 'Success is not final, failure is not fatal: It is the courage to continue that counts.' This quote highlights the importance of resilience and perseverance. Churchill's leadership during World War II exemplifies his belief in the value of steadfastness. His words inspire us to keep going despite setbacks, recognizing that both success and failure are part of the journey, and it is our courage to persist that truly matters.</p>"
paragraphs-bundles-import.jpg,The only place where success comes before work is in the dictionary - Vidal Sassoon,Alt text for Hardwork 24,Title for Hardwork 24,Vidal Sassoon | Success,"<p>Vidal Sassoon, a famous hairstylist and businessman, remarked, 'The only place where success comes before work is in the dictionary.' This witty quote emphasizes that hard work is a prerequisite for success. Sassoon's rise to fame in the fashion industry was built on relentless effort and innovation. His words remind us that there are no shortcuts to success and that diligent work is essential to achieving our goals.</p>"
paragraphs-bundles-import.jpg,Hard work beats talent when talent doesn’t work hard - Tim Notke,Alt text for Hardwork 25,Title for Hardwork 25,Tim Notke | Motivation,"<p>Tim Notke, a high school basketball coach, once said, 'Hard work beats talent when talent doesn’t work hard.' This quote serves as a powerful reminder that no matter how talented one might be, it is the effort and dedication that ultimately determine success. Talent alone is not enough; it must be coupled with hard work to achieve greatness. Notke's insight is particularly relevant in competitive environments where consistent effort can outperform innate talent.</p>"
paragraphs-bundles-import.jpg,"Quality is not an act, it is a habit - Aristotle",Alt text for Hardwork 26,Title for Hardwork 26,Aristotle | Philosophy,"<p>Aristotle, the ancient Greek philosopher, said, 'Quality is not an act, it is a habit.' This quote suggests that excellence comes from consistent practice and dedication. Aristotle's contributions to various fields of knowledge were the result of his habitual pursuit of quality. His insight reminds us that achieving high standards requires regular and persistent effort, making quality an integral part of our everyday actions.</p>"
paragraphs-bundles-import.jpg,"Strive not to be a success, but rather to be of value - Albert Einstein",Alt text for Hardwork 27,Title for Hardwork 27,Albert Einstein | Science,"<p>Albert Einstein, one of the greatest scientists of all time, advised, 'Strive not to be a success, but rather to be of value.' This quote encourages us to focus on contributing positively and adding value through our efforts. Einstein's groundbreaking work in physics was driven by a desire to understand and improve the world, rather than seeking success for its own sake. His words inspire us to pursue meaningful work that benefits others and ourselves.</p>"
paragraphs-bundles-import.jpg,The best way to predict the future is to create it - Peter Drucker,Alt text for Hardwork 28,Title for Hardwork 28,Peter Drucker | Business,"<p>Peter Drucker, a renowned management consultant, stated, 'The best way to predict the future is to create it.' This quote inspires proactive action and innovation. Drucker's contributions to business management demonstrate how taking control and initiating change can shape the future. His words encourage us to be architects of our destinies by working hard and taking deliberate actions to create the future we envision.</p>"
paragraphs-bundles-import.jpg,Don’t be afraid to give up the good to go for the great - John D. Rockefeller,Alt text for Hardwork 29,Title for Hardwork 29,John D. Rockefeller | Ambition,"<p>John D. Rockefeller, one of the wealthiest individuals in history, said, 'Don’t be afraid to give up the good to go for the great.' This quote encourages us to aim for greatness rather than settling for mediocrity. Rockefeller's success in building a business empire was driven by his willingness to take risks and strive for excellence. His words inspire us to pursue our highest potential, even if it means leaving behind comfort and security.</p>"
paragraphs-bundles-import.jpg,The only limit to our realization of tomorrow is our doubts of today - Franklin D. Roosevelt,Alt text for Hardwork 30,Title for Hardwork 30,Franklin D. Roosevelt | Inspiration,"<p>Franklin D. Roosevelt, the 32nd President of the United States, said, 'The only limit to our realization of tomorrow is our doubts of today.' This quote encourages us to overcome our doubts and fears to achieve our future goals. Roosevelt's leadership during challenging times exemplifies the power of confidence and determination. His words inspire us to believe in our abilities and work hard to realize our dreams, free from the constraints of doubt.</p>"
